{
  "flutter": {
    "platforms": {
      "android": {
        "default": {
          "projectId": "tuddo-gramado-app",
          "appId": "1:111160179496:android:bdd76adedad9012a812e1d",
          "fileOutput": "android/app/google-services.json"
        }
      },
      "dart": {
        "lib/firebase_options.dart": {
          "projectId": "tuddo-gramado-app",
          "configurations": {
            "android": "1:111160179496:android:bdd76adedad9012a812e1d",
            "ios": "1:111160179496:ios:0411e930da9ae077812e1d",
            "macos": "1:111160179496:ios:0411e930da9ae077812e1d",
            "web": "1:111160179496:web:2bc13492ed961224812e1d",
            "windows": "1:111160179496:web:812b8766dcef26e2812e1d"
          }
        }
      }
    }
  },
  "hosting": {
    "public": "build/web",
    "ignore": [
      "firebase.json",
      "**/.*",
      "**/node_modules/**"
    ]
  }
}
